gaia,ra,dec,pmra,pmdec,parallax,parallax_error,G_mag,bp_rp,ra_error,dec_error,pmra_error,pmdec_error,vbroad,tess,pipecad,skew_5,M_mag,ds,eb,comments,HD,amax_fb_shift,fmax_fb_shift,integrated_power_HPF_fb_shift,num_freqs_snr_g10,centroid_power_above_5med_fb_shift,HADS,amax_noise,RUWE,phot_bp_rp_excess_factor,fmax_g30,amax_g30,SNR_fb_shift,fidelity_v2,zams_distance,zams_distance_vertical,iso_rho,iso_mass,iso_rad,log_g,iso_teff,Uyt_efficiency,Uyt_energy,g_by_sq_teff,eb_prsa,skew_lightcurve,pipeline,cadence,new_PSD
3211922645854328832,76.9620005509911,-5.086810304091459,-88.48137357389295,-70.49687410279232,36.24560427650994,0.35752305,2.7777147,0.43548036,0.22611426,0.17874546,0.25721523,0.26489565,,248409489,SPOC_120,11.470900277455168,0.5739914229197058,1.0,0.0,none,33111,667.0530540336769,13.091196319397104,0.169957125759479,44.0,9.114098698110109,0.0,3.877077242665619,1.8125546,1.1102761,32.41085986754899,9.221784587798366,554.4622584031672,1.0,0.9876868147520912,-2.4765459207619913,,,,,,,13.90445078064298,,0,0.0444005973911327,SPOC,120,0.1804241317136662
1487434040320076800,218.01881769228896,38.30892269460632,-114.34365542209363,151.78788107079836,37.91254655500852,0.25500512,3.022188,0.4798348,0.15104893,0.21196944,0.15855806,0.23662283,,67991192,SPOC_120,21.79175196762864,0.9161027830717908,1.0,0.0,none,127762,2103.9921460231767,13.594848125721766,0.5081484347946994,7.0,13.596123247518056,0.0,6.181611217685578,1.1377641,1.1986424,30.28601698277552,24.154785089348614,1054.869320847351,1.0,0.7393742005556035,-2.3216192706061247,0.0594306744559886,2.0331484403940614,3.1542392225534672,3.7483798320222776,7458.39704438437,7.449834189159706e-09,94.05740350712986,64.87196938695074,0,0.0129355111949742,SPOC,120,0.5201151496254192
4573412435280434560,258.7578570009893,24.83850638924531,-20.95395629310213,-156.76715982654696,42.48084539964649,0.22191322,3.130809,0.34447908,0.14197738,0.16289322,0.18938392,0.21047005,,257582738,SPOC_120,10.199882787386509,1.2717747546735794,1.0,0.0,none,156164,1486.440940222297,6.073146265582168,1.032634395789102,27.0,10.416588358826017,0.0,10.368802584354354,0.80747694,1.1653372,30.631189522946045,230.55578119001277,395.864158210453,1.0,0.4229906888562913,-1.4588899725123188,0.1373065537476331,1.9732364981555004,2.367977737618082,3.984423909673369,8109.476160341877,6.050213571400738e-09,114.54301623415284,107.13404655936104,0,0.0574622504960919,SPOC,120,1.0953614715099602
1575287046603605888,183.85734834773095,57.03265316489124,103.9467958413558,8.141463801370662,40.32790069695137,0.19453964,3.3111024,0.26148772,0.13253115,0.14167288,0.18097302,0.18026173,291.1414,224292240,SPOC_120,21.41495494471534,1.3391304751435325,1.0,0.0,none,106591,32.21937640487784,38.85855402026458,0.0001629498042569,2.0,43.28103201928454,0.0,1.27992198426959,0.91864717,1.1727464,38.85855402026458,32.21937640487784,84.19577008652308,1.0,0.3216502848856985,-1.1360450013146697,0.1863523488323627,1.9657843418767,2.133158318557825,4.073489693295086,8372.838915252856,5.592553065578639e-09,0.3129414731206543,129.43547605051717,0,0.0175219214922736,SPOC,120,0.000162336813141
3662636823132300032,203.67206658148984,-0.5956181019830046,-276.9029992866074,44.62071265610922,43.74674588145839,0.33300146,3.3738446,0.3116889,0.21004818,0.15407377,0.311967,0.16946067,,130726180,SPOC_120,9.48861242562888,1.5785733669874098,1.0,0.0,none,118098,873.2943885976367,10.297715931908348,0.1424985989297585,34.0,13.716417103812445,0.0,6.692124823897128,1.0243642,1.1812712,32.861794032624886,142.44474151571328,394.01976386425497,1.0,0.321428318369875,-1.0495022828984686,0.2144101567640799,1.7486614880589892,1.9661559651822296,4.093469814903723,7693.958927520701,6.601448070452547e-09,28.580646766847437,141.38224812253873,0,0.0070465994527717,SPOC,120,0.1705686181889705
3312744219988782720,67.16608051054888,15.870784455320392,106.14776250704207,-20.293824952737538,21.81251596251546,0.37348384,3.3779078,0.39932775,0.33305082,0.20273979,0.43378595,0.31364736,,245792896,SPOC_120,15.986295427701046,0.0714366106119417,1.0,0.0,none,28319,3375.000395571106,13.691837596122763,5.136977336964527,18.0,13.42498217938276,0.0,3.7607584445987734,2.919878,1.1653033,31.79319162331948,55.06041853755975,2543.6793413958344,1.0,1.4359850450669092,-2.843605698080817,0.028371848570387,2.4141200260717355,4.341838800844297,3.545411467912822,7429.070517883381,7.792675796604256e-09,926.5799748324348,40.73279650417533,0,0.0181045461327506,SPOC,120,5.250999570992062
2996171698248699904,86.73885705541909,-14.821953605720934,-14.203038489174675,-0.775630781844922,44.79397747617685,0.24658585,3.5410435,0.2437489,0.16130178,0.19318976,0.19754265,0.20561744,,317132886,SPOC_120,17.191303451965666,1.797141636432109,1.0,0.0,none,38678,500.3709681429537,19.449250787721784,0.0430319748072217,16.0,24.26080929497744,0.0,3.551991485183303,1.19903,1.1594574,66.58824601684263,156.18716564493994,482.29431643082216,1.0,0.2017416410596909,-0.6243130357015334,0.2801943236437907,1.8231496331260155,1.830936776547561,4.173475618217132,8257.788027185696,5.657274931729889e-09,23.504189649188653,164.0755062467376,0,-0.1812569806673732,SPOC,120,0.0549035019741806
939307084189685248,103.19723612430526,33.9610470125569,-1.705015450988899,-47.19328545489197,16.87007592104058,0.25981668,3.593621,0.25687075,0.26178944,0.29886952,0.20485523,0.22355466,144.43898,68491719,SPOC_120,24.133035480320267,-0.2707938146729898,1.0,0.0,none,50019,1358.266686588884,6.7583321328293104,0.6736627068780973,20.0,4.456658801909311,0.0,3.9414496551531446,1.0132805,1.172792,30.714072210746345,6.523205809081772,1236.327226214366,1.0,1.7342305970006224,-2.731979912718536,0.0260727480584174,2.5763236510229537,4.556806396102357,3.5316792659947005,7945.702441424285,6.829903516590805e-09,13.584226896078627,38.16041749158791,0,-0.0608891185005422,SPOC,120,0.6913007293711559
5236306071562633344,176.40065646582843,-66.72860365116325,-95.24185702660624,34.66264614708976,23.728944114455828,0.46791983,3.624794,0.30536938,0.35065162,0.3732102,0.5071135,0.4619659,52.430695,296688052,SPOC_120,40.391256893273734,0.5011860675157358,1.0,0.0,none,102249,1521.4656664531117,13.12436239805467,0.314999640496428,7.0,13.311352019396066,0.0,2.2573906842731177,1.1275338,1.1786115,32.280873587986804,12.875191356156735,2206.1860485279262,1.0,0.9992019905247924,-2.1074932124712404,0.0449962713464349,2.28700166214841,3.626628798550205,3.678260268443892,7890.710529176603,6.740200352779841e-09,56.07816751856317,53.666369024897215,0,0.0117426744514344,SPOC,120,0.3248637248986395
1195823284391343104,236.54720068018435,15.42160689242322,65.95762723653905,-47.79104173145251,21.59236669085102,0.3069895,3.6537793,0.19625878,0.21073397,0.31359282,0.2157303,0.2574777,,119885027,SPOC_120,5.241211374560451,0.3252805349331389,1.0,0.0,none,141003,892.7285999281763,2.514905466775746,0.2232316194792349,47.0,5.177514768857501,0.0,5.208000403142624,0.9011547,1.1446743,30.252217010756578,19.680968644326526,413.4693918892106,1.0,1.137556152693643,-1.9533056038381384,0.0599889526794356,2.3456451592165326,3.3050899988752955,3.769895734259549,8431.551117341845,5.807182653107847e-09,6.394347494051661,64.11239423081965,0,0.0609971385420234,SPOC,120,0.2342905531051237
1049765396704695936,147.74478153974084,59.03805958941325,-294.4407007465332,-151.66321069328785,28.378297904109104,0.15291466,3.705446,0.49090004,0.0883052,0.108805604,0.09169158,0.14811884,106.636536,331900366,SPOC_120,18.975416443015135,0.9703777172314608,1.0,0.0,none,84999,12185.69694917922,6.2744563805252875,35.79962805534013,17.0,9.069875567061604,0.0,22.903059070589386,1.1456096,1.155449,34.076192786332086,74.60886222553862,1570.270664972896,1.0,0.7105030937095183,-2.318147554140468,,,,,,,2964.658718279741,,0,0.2179033771499339,SPOC,120,36.56651928275342
2136270970154631168,292.42664190032,51.73034634257358,20.804354085241467,127.89459604417247,26.63630356511057,0.16886343,3.7418947,0.28395772,0.17315806,0.12901749,0.19986323,0.16305709,,424870548,SPOC_120,21.178140787007347,0.8692644787938484,1.0,0.0,none,184006,1017.8886653137638,17.62451656506129,0.2981848245715693,28.0,12.815485488863134,0.0,2.2609912578482527,0.84111387,1.1637315,42.896497459857905,51.68110924330919,1620.8619241648216,1.0,0.6560912849190954,-1.674162021073034,0.1014731932394268,2.047327071725127,2.658864876516758,3.899794695026467,8026.742956624102,6.264601632307543e-09,47.27013307963971,88.61862702963552,0,0.0145381572040568,SPOC,120,0.3238894309355505
4792774797545800832,86.82123452009108,-51.066136257823345,5.160196860824648,84.0405295978282,50.930690628822894,0.14821085,3.8232422,0.2614324,0.13713108,0.13109376,0.20174596,0.18706723,117.53179,270577175,SPOC_120,11.507822247693923,2.3581400266155477,1.0,0.0,none,39060,746.9334965129087,47.439112208086726,0.6000626737708403,30.0,49.14316417596488,0.0,8.938406572828876,1.0804324,1.1714764,47.439112208086726,746.9334965129087,523.7143949061257,1.0,0.036334776666978,-0.1168676393952683,0.4167826882842722,1.62328368135349,1.5552467134839931,4.264795838225119,7978.993805735321,5.9727120890272275e-09,1445.9224562405143,205.97844456212025,0,0.0380947835242103,SPOC,120,0.6254226375282331
364785939116867072,14.189228786797868,38.49948894197979,151.02056381305957,34.80013480458139,26.704629786620664,0.6467077,3.8432207,0.22131753,0.46551096,0.23644553,0.46964467,0.30883142,73.63329,432698066,SPOC_120,9.836318456661893,0.9761535080353774,1.0,0.0,none,5448,982.6178644023164,9.08230050888622,0.3509380526135955,32.0,11.819716986453631,0.0,2.575671303286278,0.90979177,1.1633949,30.588694847506513,55.75416728338213,1204.371205278037,0.99902344,0.5322018982391677,-1.376141022954617,0.1073159553780978,2.073932006093499,2.634808016369692,3.9132965617184783,8175.245295062101,6.025178361433311e-09,49.425755352240515,90.58288854588017,0,0.1277044535042605,SPOC,120,0.4001450225734543
6127688772460862976,189.4244346160047,-48.54133539851064,-186.0808574259416,-6.7573078142611935,24.29534892468189,0.22693644,3.8500426,0.1107769,0.15492745,0.12677498,0.14972748,0.12112438,,160527775,SPOC_120,14.12937623061067,0.7776583034482591,1.0,0.0,none,109787,980.5921703021054,19.422970020240346,0.2878396436263931,29.0,12.85555179708736,0.0,3.8539031448380503,1.0047914,1.1756983,38.8417376399354,69.45489748610217,751.5911331209454,1.0,0.6774520447280116,-1.2662350845292227,0.1063048590353216,2.2399186735327943,2.702590306550436,3.924671820879654,8723.814213728,5.2810257583629575e-09,47.03437738959432,90.01577332151084,0,0.0025619576083849,SPOC,120,0.302228154602403
4992538055808271360,6.551492767246445,-43.67968625508389,106.39361217909844,32.491242856046014,41.72283479422134,0.13579874,3.9185052,0.26240516,0.10009978,0.08930227,0.1260077,0.13153008,242.68947,80256268,SPOC_120,10.269474487358902,2.0203742411577625,1.0,0.0,none,2262,1256.285036533147,10.160488138686455,0.3404395381247003,41.0,21.336942044693213,0.0,6.971255505913992,0.9678352,1.1773165,30.022280482100655,406.58859657960954,486.3103477178272,1.0,0.1506402835270797,-0.457584795539407,0.2930643701085902,1.7076006327000697,1.7635591566903923,4.177606242670753,7884.303652851766,6.201855550084794e-09,149.4038840734785,169.52141609284607,0,0.0541278379125749,SPOC,120,0.4233878131174328
3196359642878570368,62.96645850775461,-6.837215809714261,10.23314032855876,81.85828752519862,26.109678851295698,0.17770493,3.9739523,0.4714744,0.1509613,0.102277495,0.18089132,0.13036227,,67687505,SPOC_120,11.907578186452682,1.0579599501970858,1.0,0.0,none,26574,5365.169078553244,12.226836944825626,7.854288912206402,30.0,10.464566430315376,0.0,9.905184678994862,0.9984425,1.1754575,30.217836632525845,42.50996786484595,1697.6562832439488,1.0,0.640557506375443,-2.1421274504297516,0.0477108686704406,1.982319879221557,3.400939658076413,3.6719758833390927,6967.623216138345,8.654277260501742e-09,861.1120542443236,56.29029887415818,0,0.1145049309799902,SPOC,120,8.158116855719616
1565090003967879424,201.3073057729085,54.987845339784336,113.36969394609814,-29.49753286598633,40.46506499292375,0.1373625,3.9743545,0.26357174,0.103688546,0.13341404,0.12696238,0.15733908,230.92857,159191044,SPOC_120,16.36901119535416,2.009755711353898,1.0,0.0,none,116842,1973.9852445056388,26.6277346499671,0.724706212559505,21.0,27.598943842154135,0.0,9.849347024527676,0.92011374,1.1688699,37.32929726744656,1003.7420235170704,1203.1313746706617,1.0,0.1553645850987424,-0.4717441615702626,0.1506170266554908,1.7858131295735835,2.2347744459410817,3.991368618294061,7612.053627512802,6.85880458025499e-09,550.5802736791887,112.36154407662744,0,0.0318978140662306,SPOC,120,0.8143814390498427
3546521385854108928,171.2200634570526,-17.683995656330193,-96.81062709584089,3.6502178960089,37.70653151370568,0.19724725,4.0472245,0.2962072,0.1549954,0.12636068,0.20475933,0.14828871,123.51343,334849779,SPOC_120,27.658858076950818,1.9293074253882665,1.0,0.0,none,99211,568.5470362063882,27.42823969971332,0.0272064174459894,3.0,27.42508965649035,0.0,6.050282657706506,3.3309584,1.1711688,33.996841574915095,14.471600463730905,329.3104047772985,1.0,0.212872184129712,-0.6513828636793653,0.208799750214777,1.7218757275466152,1.9469449131374064,4.095294476504835,7651.085026208093,6.673656556826798e-09,20.471127183312067,142.374746021213,0,0.0034772850346952,SPOC,120,0.027720550920214
5077970830842019584,45.59719677022088,-23.624717283377432,-147.8513175625087,-55.25060555887944,36.95023734708943,0.14640357,4.066773,0.24952269,0.07308332,0.101688206,0.09744713,0.13695145,,71353640,SPOC_120,8.250384605717706,1.904859161989835,1.0,0.0,none,18978,175.57987678601037,21.063945796064218,0.0121733709290205,37.0,19.853043395663008,0.0,4.158594091847934,0.96293384,1.1756045,30.766978043694554,92.29976652457714,169.00818363388433,1.0,0.1762243186170657,-0.5341148251164154,0.2142407352844265,1.7702323820819794,1.981933816487255,4.0918519852005435,7827.997436310747,6.3789917447457614e-09,4.795345585909796,139.64540432859613,0,0.0624843532744245,SPOC,120,0.014124843949326
162405533940990080,62.70759999422974,26.4807985544509,-30.91903250283457,-35.104916002992354,15.419902194552062,0.08631917,5.2940264,0.48437214,0.07094615,0.040622946,0.12312519,0.0722175,6.878487,56453471,SPOC_120,26.370077676158925,1.2344344953901736,1.0,0.0,none,26322,18538.18689436662,6.897987436171803,59.35379342459546,9.0,7.367385323909883,1.0,12.532508455560093,0.8379461,1.1614746,30.042909132431603,43.36834932740475,4673.915888058645,1.0,0.566721228846655,-2.023929095173386,0.0473025369132458,1.946409457386573,3.4301653927665905,3.656604084145019,6764.308307049941,9.208055302016026e-09,3231.4215147057075,55.14325361831474,0,0.0924533759569051,SPOC,120,59.93835376939682
1073264537170851840,155.26325619516695,68.74750463579039,-54.15579412888168,-33.4765086734438,7.692737032154326,0.046249703,5.8277864,0.3561039,0.031085735,0.03750824,0.042782944,0.047263265,,103692670,SPOC_120,37.625149636475705,0.2581908340356964,1.0,0.0,none,89343,17880.46956096645,6.4321107976602345,56.68588058596997,10.0,5.80219654362592,1.0,19.647311330597788,1.1147972,1.1775408,30.904924812030245,30.554985189076596,2894.4651279788673,1.0,1.2451320472235938,-2.5099454507866197,0.0183873049756293,2.2048607204330843,4.945362661215307,3.3929848696282656,7118.315759752932,8.740257349799458e-09,1916.1404054157351,29.295185017554783,0,0.2334897351388454,SPOC,120,57.43363224503147
3017430721211367168,89.754588658556,-9.382161919952562,19.4976683702739,13.968080438236044,10.659157554178227,0.03310799,6.0789323,0.44393635,0.022854956,0.02865446,0.028677205,0.030268088,13.825639,67265166,SPOC_120,18.79311118811553,1.2175467080542894,1.0,0.0,none,40535,53557.90484673308,7.347553266334656,324.0212246225122,6.0,7.822642259474281,1.0,80.93995645270435,4.3407574,1.1666635,36.98766902427359,316.48184634585107,2183.806625369549,1.0,0.5358425923087065,-1.8675000621529256,0.0492906774722463,1.9375925717897,3.4041337615099914,3.661249227136379,6897.303509859253,8.848883219503458e-09,19971.033667526564,55.19624816093289,0,0.544655630970749,SPOC,120,341.9378453454389
729741714122258688,163.6754245009025,25.49072577132288,-55.43897279722229,0.3410492575880458,7.649842713339463,0.03545358,6.130696,0.4091406,0.024808377,0.03268272,0.031135354,0.040062644,140.07967,138738145,SPOC_120,21.307291537472448,0.5489585290811707,1.0,0.0,none,94480,14130.506675711364,7.875559403713709,27.68888174496207,9.0,7.608955092716007,1.0,29.296605333405555,3.6990783,1.203925,39.918361848922146,57.812790364328286,1366.283322705561,1.0,0.9973688344015952,-2.4015066364508395,0.0263820472391821,2.333666348923745,4.441545653387747,3.510970502885048,6953.406622838419,8.953371927570974e-09,1606.9846589593342,38.89302201442177,0,0.0399619926342953,SPOC,120,28.217199197501795
4824289721375215360,76.10914313744028,-35.704926964980345,28.360850852503553,40.338032449450765,9.702639455109445,0.022132555,6.304183,0.45418453,0.018380882,0.017695282,0.023830011,0.024877494,,77669416,SPOC_120,30.832994797324663,1.2386324676499356,1.0,0.0,none,32846,24385.37640500496,7.392666253994418,65.83442773787256,6.0,7.635416113970445,1.0,25.979058389102452,1.253779,1.1677046,35.34503747512672,79.5316064792204,2759.771365173617,1.0,0.5370708840312834,-1.8878749528481429,0.0440543773488772,1.9707685375776245,3.5353867734386246,3.6357617547256176,6741.269187438046,9.306500033245396e-09,3862.871448081351,52.64909616883505,0,0.1276335129496398,SPOC,120,66.67878378178584
3088730511223509376,116.0317195767767,2.4053844489531273,-19.00931767505452,-8.603220385449958,6.714989277065916,0.055892624,6.4328995,0.30439758,0.045923766,0.04201952,0.06263912,0.051823486,34.83993,280680714,SPOC_120,34.04738199912223,0.5681261174772665,1.0,0.0,none,62437,21219.969713633436,10.50654223917712,32.933099310153494,4.0,10.76853197662195,1.0,20.152108724045725,2.4888902,1.1707804,31.51279652592455,377.4973944609263,3491.8541739973675,1.0,0.9364411276480544,-2.037577749681165,0.0370528737377774,2.233283646357707,3.9232791635928534,3.599645462238108,7419.896467663097,7.733293448799755e-09,3826.933713557291,46.17921430142497,0,-0.019134281779413,SPOC,120,33.359476083967145
5520134827758970880,123.52160520364733,-44.575654760147664,26.222169764207433,31.094285203396627,9.970253071031328,0.019060884,6.5176105,0.4218068,0.015635803,0.018663008,0.019406207,0.024641471,6.62474,81709032,SPOC_120,22.776547857388117,1.5111414098920584,1.0,0.0,none,69213,89483.29331097404,8.961229392480735,997.7031524358246,8.0,11.24083455136384,1.0,144.10432165686495,0.94204515,1.1627867,32.16238172767375,6554.071294669092,1589.9917177351224,1.0,0.4438661673979766,-1.486400204014659,0.0959591508163604,1.8803009541908455,2.685980112304417,3.8540217810054536,7462.3289306447405,7.305362655465238e-09,127738.13436832972,82.71505956911794,0,0.9331818254437348,SPOC,120,1026.8734524091528
3491765947308770944,175.49148970295732,-24.38591268099245,-3.336968981727652,-26.22094017626662,7.594970719025416,0.21175796,6.830749,0.48882532,0.14015935,0.11453694,0.19710821,0.1492454,18.5216,270265624,SPOC_120,23.285489465749173,1.233379519308574,1.0,0.0,none,101696,26533.035223037492,7.340561055682779,90.0988675499565,8.0,7.679840206595753,1.0,39.69514756484723,1.0111625,1.1800528,33.55720070032849,94.5804367158168,2001.316596368321,1.0,0.5712576668675547,-2.0454925905680437,0.0463769968710837,1.9649089026937896,3.4487865544550966,3.656009786982553,6739.37115733027,9.277330257784193e-09,5369.53617400075,55.169633580552855,0,0.3108337210435675,SPOC,120,91.40197003422816
18512103615307648,39.01125164935767,6.43225500298024,113.65070264243992,-37.32340813513585,9.159043711323635,0.030590978,6.946374,0.4289999,0.034769505,0.04131501,0.048641194,0.050222833,6.258703,278962831,SPOC_20,26.41539367716282,1.75562465841805,1.0,0.0,none,16189,53095.13922625501,9.619738530117038,194.33240662856016,4.0,10.101192642919248,1.0,52.92470751182212,1.089366,1.1717376,38.47895412046815,497.747465223319,2854.4968050148773,1.0,0.3912887857225497,-1.2694008704956228,0.1022545060093107,1.74718371271209,2.569647080701132,3.8605916110360905,7012.456663803338,8.263367051243016e-09,19870.11738860516,86.62764653972721,0,0.240648804844256,SPOC,20,195.93787721701372
4848246842793260544,53.957651129813385,-43.71630941003068,15.376469300244043,17.36019582430039,4.910720399865192,0.021152545,6.9739795,0.27913332,0.01767661,0.01852466,0.022373654,0.026857648,148.05315,79611815,SPOC_120,29.57749685969117,0.429705537739574,1.0,0.0,none,22541,20870.283960427423,10.986365919503031,40.62928653424624,3.0,10.969715723182656,1.0,15.234526018742812,1.2175611,1.173293,31.878751793638195,49.70346617914879,4030.254803478513,1.0,1.0581132929510062,-2.0990677047829034,0.0316775498917875,2.3417980782762897,4.177505845867764,3.5657153126675283,7431.30428544329,7.758399408344195e-09,4884.1802325760145,42.67590998627669,0,0.0091976468119721,SPOC,120,41.360278685390654
5863384765783967360,198.2074304864394,-61.54518852625219,-54.16592611059616,-14.9538839201379,7.154351051255612,0.018325362,7.182813,0.45059967,0.0111697605,0.013621618,0.013633939,0.017952558,67.30065,442837381,SPOC_120,21.317225030938346,1.455664231960096,1.0,0.0,none,114620,19395.978395724203,9.141561115571928,40.65260992830299,9.0,9.806221511039157,1.0,28.359924662860795,1.7673969,1.1707648,34.9725372805571,143.7678339369916,1921.0403665547717,1.0,0.4832788630506217,-1.656414291180056,0.0677035680826325,1.885805981508504,3.023413506809765,3.752501911098417,7106.961435349328,8.198822185422572e-09,3954.393132858133,67.09033055938555,0,0.1960754376194154,SPOC,120,41.436288147171986
2766120742929154304,1.0011191356244653,12.145729682908534,17.37703694323129,-15.163890890628462,5.341688795459447,0.029492188,7.202559,0.43188906,0.025541317,0.01956765,0.036609627,0.023625042,,395320456,SPOC_120,20.06737741245962,0.840951913043348,1.0,0.0,none,225161,20628.03986614111,5.880017077749175,70.68194038557027,9.0,6.672157384366984,1.0,17.301048655483633,0.921143,1.1616517,34.542140591636596,55.31974243238019,3168.610383723026,1.0,0.7632756052233455,-2.195336544050887,0.0378936230103091,2.2387558444115725,3.886298917886387,3.6089343292779024,7342.120585171785,7.884442454781644e-09,3176.7784224137904,47.426772703587886,0,0.1424546006673965,SPOC,120,71.67562570658696
6533852319120781440,356.6385707009703,-41.585689885102134,255.3661676277355,-857.1042042709032,12.052290572584171,0.021051481,7.259473,0.36399937,0.015678503,0.01593075,0.020092718,0.018391438,6.5134745,224285325,SPOC_120,20.915530078228475,2.6648209683706288,1.0,0.0,none,223065,137055.3892974738,18.192158440882363,7415.725558027821,7.0,21.49024275873048,1.0,2993.112689737321,0.9722922,1.1654085,36.38853547556533,49207.83048204406,1185.2659599028743,1.0,0.0384941987429745,-0.1291922434515937,,,,,,,3400437.6451094574,,0,0.9260512858824604,SPOC,120,7566.33295484181
5289885273142588928,119.76103842935404,-61.58346448142349,-9.851729446184706,34.90979488112359,5.004433742800176,0.10513663,7.4171085,0.43335962,0.10557416,0.10162223,0.16388988,0.13165303,10.763873,364399376,SPOC_120,69.0939889450418,0.9138832184773964,1.0,0.0,none,66260,56375.88755891742,7.077392277677717,343.2031493600367,4.0,7.270739742628749,1.0,30.672090847165663,1.0176289,1.163973,32.03492649027953,100.88633224204328,6979.277868111777,1.0,0.7087844629302353,-2.12820350342276,0.0412245237982073,2.1587567405298103,3.736020528500156,3.627385198815559,7331.714510667587,7.88000435780164e-09,18236.728104273905,49.520204101278814,0,0.198826512904074,SPOC,120,347.13648685961056
2087473922569567744,302.21011836419837,48.91101952576275,5.407559221165093,15.997294447062412,4.716326767944702,0.016859472,7.4282713,0.494442,0.014987453,0.016643113,0.018733025,0.020718137,12.994822,294598376,SPOC_120,40.56683349399939,0.7962907365246465,1.0,0.0,none,191635,50639.3411365902,5.374492797815316,333.94100681920594,4.0,5.501596345019129,1.0,68.02241062190019,2.6944997,1.1781759,37.11191251211227,106.96050366447884,2307.508972813778,1.0,0.8374883500211235,-2.5088485915475096,0.0311846232384442,2.2948919018396685,4.170889154355207,3.5583049370703654,7119.927613547528,8.463566312321143e-09,10201.719234481496,42.86147850353205,0,0.1738753535525661,SPOC,120,338.16435098589017
4801242239669375232,87.23158352913457,-46.315519727869585,2.2040005565072383,20.860680339255552,6.526775881250055,0.017090252,7.498575,0.33241987,0.015189007,0.017362235,0.020517198,0.02442302,208.2857,299884840,SPOC_120,38.73208653135603,1.5720684999686902,1.0,0.0,none,39244,15288.98800408498,9.741326893091426,20.301804859249227,8.0,11.0211527737638,1.0,18.637904138375912,0.91709733,1.1555173,32.07966010599207,485.69063374434734,2726.9683588367698,1.0,0.3430879430081255,-1.1204056008519672,0.11758988455578,1.8658261068316184,2.511043952497179,3.909162536417733,7508.296629508309,7.148166680545267e-09,2497.019546452169,93.62499886868471,0,0.1402793072953591,SPOC,120,20.88657083897802
598249984685245824,130.21705530392913,9.824137710568412,-29.004559750786285,-15.855718405704456,4.50618357573184,0.026761115,7.621643,0.48652267,0.02287438,0.011715891,0.027822057,0.02119,10.489476,366632312,SPOC_120,28.053358716985898,0.890687401545545,1.0,0.0,none,73857,120261.81092352382,5.606472864839801,2317.9601699983978,8.0,7.118114969513523,1.0,93.86066396865284,0.90797377,1.1589594,35.035072919341324,2526.589878577096,4486.4144585716485,1.0,0.7621418750642681,-2.377544325803546,0.0342640394782766,2.131638770516214,3.945227082086234,3.574569599274752,6848.535890499056,9.11987087880066e-09,119046.19650635796,45.370203919781986,0,0.8774845535595536,SPOC,120,2348.7166104395656
3355966846712679808,100.44776029252584,14.413376478679291,-0.8023526074945948,-15.378735265798577,3.385704993267893,0.053276077,7.6851726,0.34479237,0.053320188,0.045570746,0.060553253,0.04942699,53.7003,438499342,TESS-SPOC_600,35.5909188385076,0.3334181701382839,1.0,0.0,none,48010,22809.07698312232,9.3008050891901,63.773781568516675,5.0,9.209180796684857,1.0,24.75532455242019,0.8639139,1.1680564,30.410161654930047,39.1096345888626,3181.893077939704,1.0,1.170348139283882,-2.3982474357776455,0.0237962307585524,2.408492866265341,4.667229129992449,3.4816271195381727,7116.1161468400205,8.596581269189181e-09,5399.019408477724,35.934003486019535,0,0.0371779991767726,TESS-SPOC,600,64.59034212683102
1342662100205455616,265.7644915209069,37.56965336748818,8.979351195301644,-3.0563778298829503,4.697935134959083,0.01681699,7.920377,0.4524932,0.013556561,0.015660593,0.019333139,0.020678772,5.687896,256007029,SPOC_120,40.52870025434383,1.2799120805946806,1.0,0.0,none,161287,28208.832391438595,7.514181025608858,83.75601256479683,2.0,7.681428231012013,1.0,24.787800051616795,0.947015,1.1598172,32.677224689458306,45.89840247631095,4346.506171024857,1.0,0.521618991200274,-1.8397815701650129,0.0538515393436628,1.9509137428916716,3.305057563327791,3.689880012291452,6823.415695479012,8.994730945939307e-09,4968.925985759396,59.27602837087606,0,0.1282091168784621,SPOC,120,84.39355660264465
557716419809685888,65.2812989478174,81.4282666917994,18.90367417764371,-40.220859468517894,6.129578479006601,0.019625122,7.974275,0.36177206,0.016185641,0.017171752,0.023659358,0.02342392,112.12792,420755646,SPOC_120,35.80149665940718,1.9114280491534057,1.0,0.0,none,26123,24369.10116054399,13.576798683637834,65.6709208838027,6.0,14.141929417683771,1.0,56.5948784310252,0.97067946,1.1760468,37.22621672586284,490.7644000504318,1136.6314904509238,1.0,0.280686573231017,-0.8752476966346578,0.1567651820523257,1.7135546157713255,2.2111102018716213,3.98267717439966,7231.106825039858,7.611560584154038e-09,13346.494647636173,112.99904827652882,0,0.2033928768557011,SPOC,120,67.46757292720874
111146645451726848,49.51749897379282,24.87687919504899,7.093055734020682,-72.27730834985691,4.181366444483651,0.040161192,7.732345,0.588326,0.03793415,0.026140109,0.04655584,0.0350117,15.203306,28833184,SPOC_120,,0.8389361484952484,1.0,0.0,none,20429,22889.803234089,5.1467105373452045,145.6026451647569,,6.006270808547371,1.0,,,,34.00863374501449,90.31268953886568,1675.9569731773358,1.0,0.8710047925362344,-2.938074421894588,,,,,,,5326.843964792551,,0,0.4395184554095845,SPOC,120,148.217142786734
955763337284012160,97.13197381577264,39.110304321354725,-5.767979481786134,-25.06171986925434,5.319609435452748,0.045455813,7.744766,0.5108733,0.035387304,0.03433178,0.04340951,0.032973718,17.790125,144101735,SPOC_120,,1.3741647383039268,1.0,0.0,none,45311,22640.286468225146,7.211905773780379,97.86460885904522,,7.47724901546396,1.0,,,,40.20124504035638,113.286583167985,987.9705102837912,1.0,0.5579027064127872,-2.009691569384949,,,,,,,5526.602717071857,,0,0.4424379299785456,SPOC,120,99.291769753404
2169337236176079360,316.1371515079225,50.784220237905544,-2.7379650175583263,-5.2142160477395425,2.582002558884598,0.017471746,7.944772,0.5789666,0.014842428,0.014965052,0.020760398,0.02040978,13.49664,290277380,SPOC_120,,0.0045553416832042,1.0,,none,200925,88803.94306228515,3.739245479779762,640.3827607316954,,4.006310493130992,1.0,,,,31.779722792968403,271.703031634081,2131.362659518459,1.0,1.5623897315853617,-3.7232813723745983,,,,,,,10411.076476606271,,0,0.5011521814659011,SPOC,120,649.1118036738662
4054243729221699328,265.5700463627229,-32.523157962010536,3.6077602708409664,16.897209215454993,5.287958648855694,0.024445064,7.770765,0.5369539,0.02116266,0.015460515,0.025546037,0.01438479,,193310172,SPOC_120,,1.387205251824371,1.0,0.0,none,160589,68550.6761621791,8.679526203140124,632.928214539516,,8.66960103936569,1.0,,,,32.707958131932514,3597.1007976535557,1866.1351919581432,1.0,0.5811951318864903,-2.1254045762811407,,,,,,,48159.563105598005,,0,0.5661926403290177,SPOC,120,640.04400136882
4863928799183389056,67.72235460753627,-41.17435219641331,20.815746197442035,-17.21235939343108,6.7751709296956655,0.07501946,6.945023,0.50167894,0.05925593,0.07384643,0.0762089,0.09897578,42.580276,7808834,SPOC_120,,1.0996242821508115,1.0,0.0,none,28837,26843.66869477509,6.489225514332767,95.0272718334703,,6.704211644377953,1.0,,,,37.162270028991514,82.53872987099683,2374.503637742499,1.0,0.6423191893659806,-2.239918643613011,,,,,,,4324.751648623015,,0,0.138264794771037,SPOC,120,96.39963448519534
6509209171166377344,330.41621132704864,-54.15731807448741,32.23683152838079,-21.74353700676678,4.615358566327509,0.019275753,7.812453,0.521543,0.01246874,0.013733794,0.01638415,0.01854217,6.658909,265566844,SPOC_120,,1.1334802346408743,1.0,0.0,none,208999,29231.22306400135,5.632509711561482,107.73964427994235,,5.653747801673507,1.0,,,,30.78903521255844,90.60998192630356,1798.0541707479042,1.0,0.6426408148506639,-2.3024283944894526,,,,,,,3455.0768822648615,,0,-0.0075514029176831,SPOC,120,108.9875928970479
